Variant,Model,Threshold,Budget,Time (s),Reward,Status,Error
POP,L(100001),"<= Q(50001, 1)",2,21.196314,50001/2,SAT,
POP,L(100001),"<= Q(50001, 2)",2,17.178184,50001/2,SAT,
POP,G(317x317),"<= Q(7963674,25122)",4,32.762172,317/2,SAT,
POP,G(317x317),"<= Q(3981837,25122)",4,31.923136,317/2,SAT,
POP,M(40001x20001),"<= Q(250005,5)",4,19.379104,50001/2,SAT,
POP,M(40001x20001),"<= Q(250005,10)",4,21.070017,50001/2,SAT,
