Variant,Model,Threshold,Budget,Time (s),Reward,Status,Error
POP,L(100001),"<= Q(50001, 1)",2,14.946331,50001/2,SAT,
POP,L(100001),"<= Q(50001, 2)",2,15.485720,50001/2,SAT,
POP,G(317x317),"<= Q(7963674,25122)",4,27.338592,317/2,SAT,
POP,G(317x317),"<= Q(3981837,25122)",4,21.390910,317/2,SAT,
POP,M(40001x20001),"<= Q(250005,5)",4,20.108628,50001/2,SAT,
POP,M(40001x20001),"<= Q(250005,10)",4,19.650432,50001/2,SAT,
