Variant,Model,Threshold,Budget,Time (s),Reward,Status,Error
POP,G(4x4),"<= Q(342,100)",3,0.006916,55082955571/16106127360,SAT,
POP,M(25x13),"<= Q(930,30)",3,0.166683,261771728340910079/8444249301319680,SAT,
